channel_username,channel_title,channel_id,date,unique_posters,total_messages,est_percentage_of_questions,posters_pie_chart
,[CLOSED] Quantstamp,1,2018-11-07,6,7,0.2857,"{""384560064"": 0.1429, ""455897699"": 0.1429, ""470771081"": 0.1429, ""277524523"": 0.2857, ""480427728"": 0.1429, ""423048442"": 0.1429}"
SatowalletExchange,Satowallet Trading Group,3,2018-11-07,3,27,0.0,"{""176365905"": 0.9259, ""497714228"": 0.037, ""544054604"": 0.037}"
Ripple,Ripple XRP,4,2018-11-07,37,131,0.1069,"{""484041737"": 0.0305, ""529895821"": 0.0076, ""480901902"": 0.0076, ""650387985"": 0.0229, ""511567124"": 0.0534, ""261244309"": 0.0916, ""454472085"": 0.0458, ""489209750"": 0.0076, ""706807705"": 0.0305, ""542736026"": 0.1527, ""578531994"": 0.0076, ""329063708"": 0.0382, ""458928025"": 0.0076, ""504302238"": 0.0076, ""498713635"": 0.0076, ""698460708"": 0.0153, ""625132457"": 0.0229, ""89929262"": 0.0076, ""461363641"": 0.0076, ""131007042"": 0.0076, ""467232578"": 0.0076, ""475701959"": 0.0076, ""665057488"": 0.0076, ""356651347"": 0.0076, ""132506453"": 0.0153, ""497181784"": 0.0076, ""538171227"": 0.0076, ""479011680"": 0.0076, ""653165408"": 0.0534, ""514492640"": 0.1756, ""246899173"": 0.0153, ""608035430"": 0.0076, ""755677677"": 0.0458, ""497042798"": 0.0076, ""650953456"": 0.0076, ""477956343"": 0.0305, ""505871868"": 0.0076}"
DropilCoin,Dropil,5,2018-11-07,27,128,0.2188,"{""404290561"": 0.0703, ""456696714"": 0.1016, ""422105355"": 0.0078, ""513146897"": 0.0234, ""453744787"": 0.0234, ""664562835"": 0.0234, ""534815637"": 0.0156, ""411884950"": 0.1719, ""455456668"": 0.1016, ""528743072"": 0.0312, ""498960673"": 0.0078, ""232798505"": 0.0234, ""612521903"": 0.0078, ""395360307"": 0.0078, ""523995060"": 0.0078, ""569571124"": 0.0078, ""316296763"": 0.0078, ""533359809"": 0.0781, ""731011525"": 0.0234, ""337504461"": 0.0078, ""508695124"": 0.0625, ""524490458"": 0.0391, ""376548319"": 0.0625, ""537170400"": 0.0078, ""511045095"": 0.0078, ""582712935"": 0.0078, ""436052469"": 0.0625}"
apheliontoken,AphelionToken,6,2018-11-07,20,129,0.2171,"{""483073026"": 0.0233, ""455162498"": 0.0155, ""578517381"": 0.0233, ""676480140"": 0.093, ""261244309"": 0.0388, ""509330973"": 0.0078, ""597240993"": 0.0078, ""406484528"": 0.0078, ""630404528"": 0.186, ""469296319"": 0.031, ""266513601"": 0.1705, ""475714903"": 0.1938, ""469549531"": 0.0078, ""409793891"": 0.0078, ""467301093"": 0.093, ""377058925"": 0.0388, ""451411438"": 0.0078, ""500248687"": 0.0233, ""422229364"": 0.0155, ""435024639"": 0.0078}"
Uplatform,üá¨üáßUniversa Official Group,7,2018-11-07,4,13,0.0769,"{""397124195"": 0.2308, ""524532569"": 0.2308, ""333201435"": 0.4615, ""774344109"": 0.0769}"
storiqa_en,Storiqa Community EN [1],8,2018-11-07,27,82,0.2439,"{""546184708"": 0.0732, ""469848713"": 0.0122, ""538447629"": 0.0244, ""529361422"": 0.0366, ""210944655"": 0.0488, ""698167699"": 0.0122, ""191577364"": 0.0122, ""372274974"": 0.0122, ""569673259"": 0.0976, ""774344109"": 0.0122, ""175819061"": 0.0244, ""490265527"": 0.0366, ""522734014"": 0.0122, ""534028352"": 0.0366, ""537307717"": 0.0244, ""623575751"": 0.0122, ""441849812"": 0.0122, ""631027412"": 0.0244, ""484714584"": 0.0244, ""396872281"": 0.1951, ""632004699"": 0.0244, ""704700893"": 0.0244, ""488854112"": 0.061, ""304493795"": 0.0366, ""253886821"": 0.0854, ""498596203"": 0.0122, ""509127035"": 0.0122}"
hello_iconworld,ICON Project,9,2018-11-07,25,143,0.0979,"{""392421124"": 0.014, ""747356677"": 0.007, ""496308871"": 0.007, ""495167255"": 0.035, ""510365466"": 0.007, ""414809244"": 0.021, ""400940319"": 0.0559, ""625132457"": 0.007, ""287217080"": 0.1049, ""541153854"": 0.007, ""405446594"": 0.035, ""413592900"": 0.007, ""412095813"": 0.014, ""507592518"": 0.1469, ""775280086"": 0.014, ""530704857"": 0.049, ""449546844"": 0.021, ""428001118"": 0.021, ""443017569"": 0.014, ""400753764"": 0.014, ""468499814"": 0.2308, ""494765288"": 0.007, ""278208361"": 0.1119, ""456798065"": 0.042, ""490338295"": 0.007}"
bytecoinchat,Bytecoin BCN,10,2018-11-07,11,41,0.1707,"{""558020258"": 0.0244, ""140045765"": 0.122, ""472090470"": 0.2683, ""574411559"": 0.0488, ""196338152"": 0.0488, ""625132457"": 0.0244, ""425706067"": 0.1951, ""527922388"": 0.0244, ""497622645"": 0.0732, ""362750070"": 0.0488, ""698334173"": 0.122}"
etherparty,Vanbex Labs (FUEL),11,2018-11-07,4,9,0.0,"{""474700170"": 0.3333, ""330739540"": 0.2222, ""774344109"": 0.1111, ""436942526"": 0.3333}"
creditscom,CREDITS Blockchain Platform,12,2018-11-07,32,71,0.1549,"{""465905809"": 0.0141, ""552195091"": 0.0282, ""582676883"": 0.0282, ""515455382"": 0.0141, ""520002454"": 0.0423, ""531814558"": 0.0141, ""489018014"": 0.0141, ""436860453"": 0.0704, ""479353127"": 0.0141, ""506451371"": 0.0423, ""465737387"": 0.0141, ""482441262"": 0.0141, ""528029103"": 0.0423, ""507717042"": 0.0141, ""534527926"": 0.0141, ""539677496"": 0.0141, ""407002561"": 0.0282, ""252844099"": 0.0141, ""726817353"": 0.0563, ""439604817"": 0.0141, ""549468500"": 0.0282, ""523213911"": 0.0141, ""395456344"": 0.0141, ""549945563"": 0.2254, ""654342619"": 0.0704, ""464172512"": 0.0141, ""480101227"": 0.0141, ""447495278"": 0.0282, ""515651695"": 0.0141, ""529722099"": 0.0282, ""518030841"": 0.0141, ""494266365"": 0.0282}"
sentinelchain,Sentinel Chain,13,2018-11-07,6,21,0.0952,"{""438501669"": 0.0952, ""602699846"": 0.2381, ""618887341"": 0.1905, ""625104497"": 0.0476, ""336249203"": 0.1429, ""647515230"": 0.2857}"
TokenPay,TokenPay,14,2018-11-07,15,47,0.2979,"{""798559590"": 0.0426, ""457104391"": 0.0213, ""376240010"": 0.0851, ""462404651"": 0.0213, ""388185453"": 0.0213, ""548631053"": 0.0213, ""545377359"": 0.0213, ""516762446"": 0.0213, ""176365905"": 0.1277, ""467627956"": 0.0426, ""465427925"": 0.0638, ""609520535"": 0.0851, ""514166584"": 0.0638, ""471147673"": 0.2979, ""497840253"": 0.0638}"
pundix,Pundi X Official | English,15,2018-11-07,17,61,0.1967,"{""505078145"": 0.0164, ""241395109"": 0.0164, ""496308871"": 0.0164, ""420616392"": 0.0164, ""631605193"": 0.1803, ""443750698"": 0.0164, ""586637227"": 0.2787, ""720826316"": 0.0164, ""543144617"": 0.0164, ""490984669"": 0.0164, ""507186609"": 0.0492, ""455518943"": 0.1148, ""247128021"": 0.0492, ""526071512"": 0.0656, ""525183067"": 0.0328, ""488863133"": 0.0164, ""431676383"": 0.082}"
digitexfutureschat,DigitexFutures ‚Äî Zero-Fee Futures Trading,16,2018-11-07,59,238,0.1261,"{""254506496"": 0.0042, ""543986561"": 0.0042, ""384441474"": 0.0042, ""495026179"": 0.021, ""482844802"": 0.0084, ""477784588"": 0.0042, ""225596048"": 0.0042, ""756781073"": 0.0042, ""261244309"": 0.0084, ""459781400"": 0.0042, ""539137690"": 0.0042, ""736241691"": 0.0084, ""652113436"": 0.0042, ""698501022"": 0.0042, ""480385310"": 0.1092, ""609975328"": 0.0462, ""503739169"": 0.0462, ""427786916"": 0.0042, ""555565605"": 0.0042, ""685167781"": 0.0882, ""562257318"": 0.0168, ""684006440"": 0.0168, ""572570408"": 0.0042, ""476338603"": 0.0042, ""645349292"": 0.0042, ""774344109"": 0.0042, ""454859953"": 0.0042, ""437653940"": 0.0084, ""783288375"": 0.0042, ""495103678"": 0.021, ""462660802"": 0.0168, ""485841476"": 0.0084, ""695084100"": 0.0084, ""361832263"": 0.0294, ""726817353"": 0.0042, ""793193419"": 0.0168, ""373550412"": 0.0084, ""719515469"": 0.0168, ""553417426"": 0.0042, ""350542421"": 0.0042, ""614647893"": 0.0042, ""516797278"": 0.0168, ""646002398"": 0.0042, ""765116255"": 0.0042, ""595133025"": 0.0042, ""553089891"": 0.0042, ""526639204"": 0.1471, ""695268711"": 0.042, ""610301035"": 0.0168, ""524239723"": 0.0168, ""439851885"": 0.0462, ""548494318"": 0.0252, ""508355947"": 0.0168, ""539947248"": 0.0294, ""688477934"": 0.0042, ""773942002"": 0.0042, ""479686643"": 0.0126, ""538706675"": 0.0042, ""243127287"": 0.0042}"
beetoken,Bee Token,17,2018-11-07,9,132,0.1591,"{""636038976"": 0.0379, ""535665125"": 0.0758, ""519253638"": 0.2955, ""537815370"": 0.0455, ""774344109"": 0.0076, ""408910965"": 0.0227, ""254609782"": 0.2727, ""437612250"": 0.0076, ""195448475"": 0.2348}"
gincoin,GINcoin,18,2018-11-07,13,153,0.1046,"{""507896418"": 0.2026, ""590973411"": 0.0065, ""501679143"": 0.0458, ""448489127"": 0.0458, ""350366830"": 0.0131, ""580902033"": 0.0196, ""317766578"": 0.1699, ""579523667"": 0.0261, ""681996148"": 0.3856, ""457674585"": 0.0065, ""507501179"": 0.0654, ""518693788"": 0.0065, ""765939103"": 0.0065}"
waltonchain_en,Waltonchain Chat,20,2018-11-07,15,152,0.0789,"{""724573602"": 0.4671, ""432850210"": 0.0066, ""483939814"": 0.0132, ""466489962"": 0.0066, ""48482634"": 0.0132, ""368858892"": 0.0066, ""774344109"": 0.0066, ""320646158"": 0.1382, ""538222002"": 0.0329, ""585943507"": 0.0132, ""261244309"": 0.0132, ""640456181"": 0.2566, ""515196758"": 0.0066, ""402262589"": 0.0066, ""419059774"": 0.0132}"
XMXblock_org,XMax,21,2018-11-07,4,7,0.2857,"{""541174400"": 0.1429, ""530117516"": 0.2857, ""774344109"": 0.1429, ""527436710"": 0.4286}"
cappasity3d,Cappasity (CAPP),24,2018-11-07,3,3,0.0,"{""496461184"": 0.3333, ""454629602"": 0.3333, ""774344109"": 0.3333}"
VERGExvg,Verge Currency,25,2018-11-07,14,46,0.1087,"{""420756096"": 0.1304, ""55323073"": 0.0435, ""381617987"": 0.0217, ""642641924"": 0.0652, ""410439395"": 0.0652, ""701180013"": 0.087, ""582277134"": 0.1087, ""515482319"": 0.0217, ""568169746"": 0.1522, ""616915988"": 0.1522, ""542710805"": 0.0217, ""573748377"": 0.0217, ""140139034"": 0.087, ""314443642"": 0.0217}"
Dimecoinofficialpublic,Dimecoin¬Æ Network Community (Official),27,2018-11-07,3,5,0.2,"{""532783553"": 0.6, ""460443110"": 0.2, ""513177094"": 0.2}"
RestartEnergy,RED Restart Energy Democracy,28,2018-11-07,5,10,0.2,"{""593546211"": 0.1, ""225686533"": 0.3, ""368264075"": 0.2, ""774344109"": 0.1, ""518255027"": 0.3}"
,Paragon Official Chat,30,2018-11-07,2,3,0.0,"{""460053667"": 0.6667, ""525596684"": 0.3333}"
block_v,BLOCKv Community,31,2018-11-07,7,11,0.2727,"{""240349410"": 0.0909, ""774344109"": 0.0909, ""391521301"": 0.1818, ""464512086"": 0.1818, ""456486136"": 0.1818, ""343260345"": 0.1818, ""501135548"": 0.0909}"
docToken,doc.com Token (MTC),32,2018-11-07,9,24,0.25,"{""558017858"": 0.0417, ""533640227"": 0.0417, ""487944488"": 0.0417, ""679184720"": 0.0417, ""516729585"": 0.25, ""586553490"": 0.0417, ""661274868"": 0.0417, ""606950169"": 0.4583, ""189053913"": 0.0417}"
Bricks4UsChat,Bricks4Us Marketplace - Chat,33,2018-11-07,4,6,0.1667,"{""84210004"": 0.3333, ""372980142"": 0.3333, ""173475782"": 0.1667, ""551508479"": 0.1667}"
OdysseyOfficial,ODYSSEY (OCN) Official Community,34,2018-11-07,4,8,0.0,"{""541001945"": 0.25, ""506397795"": 0.25, ""503026358"": 0.25, ""520415459"": 0.25}"
crowdmachine,Crowd Machine,37,2018-11-07,2,2,0.0,"{""774344109"": 0.5, ""515234238"": 0.5}"
nexofinance,Nexo.io Community,38,2018-11-07,12,52,0.2308,"{""541497442"": 0.0385, ""394583939"": 0.0192, ""456458793"": 0.0192, ""774344109"": 0.0192, ""54952751"": 0.2308, ""422124559"": 0.0577, ""455379379"": 0.0962, ""508266580"": 0.0769, ""261244309"": 0.1154, ""553141942"": 0.0192, ""372405301"": 0.1731, ""570811003"": 0.1346}"
TradeToken,trade.io English Community Group,39,2018-11-07,9,16,0.1875,"{""280391009"": 0.0625, ""15329986"": 0.0625, ""466274473"": 0.3125, ""774344109"": 0.0625, ""482979790"": 0.0625, ""544392309"": 0.125, ""247318325"": 0.125, ""466899638"": 0.125, ""409743579"": 0.0625}"
bezop,Bezop / Bezex Blockchain,40,2018-11-07,2,2,0.0,"{""244357683"": 0.5, ""774344109"": 0.5}"
electrifyasia,Electrify.Asia (Official),41,2018-11-07,11,33,0.1818,"{""445449793"": 0.0303, ""564865576"": 0.1515, ""649139625"": 0.0303, ""535853293"": 0.0303, ""573206669"": 0.2424, ""774344109"": 0.0303, ""430338616"": 0.0909, ""619504889"": 0.0303, ""395593658"": 0.303, ""138092508"": 0.0303, ""541153854"": 0.0303}"
ZebiData,Zebi,42,2018-11-07,6,7,0.0,"{""400753764"": 0.1429, ""774344109"": 0.1429, ""591925550"": 0.1429, ""520325391"": 0.1429, ""176365905"": 0.2857, ""635136221"": 0.1429}"
channelholo,Holo,43,2018-11-07,14,26,0.2308,"{""590973411"": 0.0385, ""551540966"": 0.0385, ""629042344"": 0.1154, ""444829481"": 0.1538, ""410379627"": 0.0385, ""610183468"": 0.0385, ""210944655"": 0.1154, ""419345"": 0.0769, ""498821236"": 0.0385, ""347313045"": 0.0385, ""605551318"": 0.0385, ""378838875"": 0.1923, ""364701501"": 0.0385, ""546798111"": 0.0385}"
zencash,Horizen (formerly ZenCash),44,2018-11-07,5,5,0.4,"{""402261508"": 0.2, ""543917960"": 0.2, ""551179376"": 0.2, ""481762192"": 0.2, ""486021786"": 0.2}"
sharder_talk,Sharder Talk,45,2018-11-07,8,40,0.175,"{""457751042"": 0.025, ""545477436"": 0.075, ""516670025"": 0.425, ""774344109"": 0.025, ""465993139"": 0.025, ""521341811"": 0.025, ""354471765"": 0.175, ""283024892"": 0.225}"
redpulse,Red Pulse Phoenix,48,2018-11-07,18,130,0.1077,"{""590973411"": 0.0077, ""463573798"": 0.0077, ""427481959"": 0.0923, ""153893416"": 0.3846, ""492549001"": 0.0231, ""450974794"": 0.0077, ""467287752"": 0.0077, ""497516201"": 0.0231, ""186232429"": 0.0846, ""461413230"": 0.0077, ""449765710"": 0.0077, ""11322674"": 0.0077, ""639679444"": 0.0769, ""461882516"": 0.0077, ""283954998"": 0.0077, ""188595930"": 0.0308, ""448764413"": 0.1769, ""330917503"": 0.0385}"
moedaproject,Moeda Only Official English Channel,49,2018-11-07,2,2,0.0,"{""736028101"": 0.5, ""774344109"": 0.5}"
ETHLend,ETHLend Community,50,2018-11-07,2,7,0.2857,"{""353458110"": 0.8571, ""531192582"": 0.1429}"
,The Ivy Project - Official Channel of ivy and ivyKoin,51,2018-11-07,8,15,0.1333,"{""504133858"": 0.0667, ""430138214"": 0.1333, ""431623979"": 0.2667, ""518707339"": 0.0667, ""774344109"": 0.0667, ""394760339"": 0.0667, ""519272536"": 0.2, ""687476223"": 0.1333}"
crypviser,Crypviser Official Group,52,2018-11-07,7,19,0.2105,"{""448969927"": 0.0526, ""270503751"": 0.1053, ""371215694"": 0.0526, ""112462067"": 0.0526, ""327605300"": 0.6316, ""661274868"": 0.0526, ""336958814"": 0.0526}"
flixxo,Flixxo,53,2018-11-07,3,5,0.2,"{""377222453"": 0.2, ""415780028"": 0.6, ""774344109"": 0.2}"
cloakproject,CloakCoin Official,54,2018-11-07,4,10,0.0,"{""401289968"": 0.7, ""396690787"": 0.1, ""500629172"": 0.1, ""438501669"": 0.1}"
NebulaAICommunity,Nebula AI Community,55,2018-11-07,2,2,0.5,"{""143728189"": 0.5, ""774344109"": 0.5}"
nexty_io,Nexty.io - Community,56,2018-11-07,4,7,0.2857,"{""665239616"": 0.2857, ""564894545"": 0.2857, ""604534400"": 0.1429, ""585912863"": 0.2857}"
nknorg,NKN,57,2018-11-07,5,9,0.2222,"{""457388653"": 0.4444, ""718850768"": 0.1111, ""517655990"": 0.1111, ""396554970"": 0.1111, ""472719229"": 0.2222}"
myCOSS,COSS - General Discussions,58,2018-11-07,15,121,0.0992,"{""540879970"": 0.0083, ""504964389"": 0.0165, ""462834761"": 0.0083, ""537511083"": 0.0331, ""665662028"": 0.0165, ""436499181"": 0.0248, ""406848523"": 0.0413, ""610040687"": 0.0165, ""774344109"": 0.0083, ""396282129"": 0.0744, ""181573269"": 0.0165, ""507501496"": 0.2893, ""15361017"": 0.3719, ""543802171"": 0.0661, ""450766525"": 0.0083}"
adexnetwork,AdEx Network,59,2018-11-07,3,3,0.0,"{""409777361"": 0.3333, ""463276795"": 0.3333, ""774344109"": 0.3333}"
officialelectroneum,Electroneum,60,2018-11-07,14,41,0.0732,"{""543986561"": 0.0244, ""719541990"": 0.0244, ""70448745"": 0.1463, ""480268970"": 0.0976, ""625132457"": 0.122, ""488712430"": 0.0488, ""210944655"": 0.0244, ""436973968"": 0.1707, ""741461361"": 0.0244, ""431518256"": 0.0976, ""261244309"": 0.1463, ""638802709"": 0.0244, ""499745082"": 0.0244, ""373831323"": 0.0244}"
genesisvision,Genesis Vision,61,2018-11-07,19,33,0.2121,"{""146554112"": 0.1212, ""527164035"": 0.0303, ""509639315"": 0.1212, ""384122391"": 0.0606, ""438501669"": 0.0303, ""691197095"": 0.0303, ""440851882"": 0.0303, ""548722476"": 0.0303, ""774344109"": 0.0303, ""380651203"": 0.1212, ""461552583"": 0.1212, ""707341006"": 0.0303, ""484383956"": 0.0606, ""492796643"": 0.0303, ""432461797"": 0.0303, ""380905831"": 0.0303, ""493875058"": 0.0303, ""494357365"": 0.0303, ""627632885"": 0.0303}"
Nulsio,NULS Community,62,2018-11-07,14,44,0.1364,"{""537115554"": 0.0455, ""403875876"": 0.1818, ""548892297"": 0.0455, ""121725289"": 0.0455, ""282914701"": 0.0455, ""452267119"": 0.0227, ""683149779"": 0.0682, ""511901843"": 0.0227, ""465046295"": 0.1364, ""530704857"": 0.0455, ""389573692"": 0.0227, ""524901341"": 0.2273, ""457656126"": 0.0682, ""459082335"": 0.0227}"
solariscoin,Solaris (XLR),63,2018-11-07,2,4,0.25,"{""545578654"": 0.25, ""675206359"": 0.75}"
APEXcommunity,APEX Network,64,2018-11-07,17,77,0.1558,"{""379172032"": 0.013, ""521684737"": 0.1818, ""522478531"": 0.039, ""516271269"": 0.2727, ""258398853"": 0.013, ""489959686"": 0.039, ""578517381"": 0.039, ""497516201"": 0.026, ""507778940"": 0.013, ""535643248"": 0.013, ""403299475"": 0.013, ""508285244"": 0.0779, ""512328408"": 0.026, ""451835001"": 0.0519, ""531541756"": 0.039, ""95650718"": 0.026, ""381832127"": 0.1169}"
eximchain,Eximchain,65,2018-11-07,3,3,0.3333,"{""542220185"": 0.3333, ""368510485"": 0.3333, ""774344109"": 0.3333}"
matrixainetwork,MATRIX AI Network,66,2018-11-07,15,77,0.1558,"{""462662330"": 0.026, ""81056676"": 0.3377, ""503332040"": 0.0649, ""420229232"": 0.0649, ""508844241"": 0.039, ""625280601"": 0.026, ""507426771"": 0.013, ""483800914"": 0.026, ""361483509"": 0.2468, ""486126134"": 0.013, ""526874326"": 0.013, ""453725621"": 0.026, ""546373177"": 0.0519, ""542710805"": 0.039, ""616291772"": 0.013}"
enjin_coin,Enjin,67,2018-11-07,11,20,0.1,"{""459311684"": 0.05, ""545303142"": 0.05, ""489736007"": 0.05, ""774344109"": 0.05, ""494630191"": 0.05, ""234863058"": 0.05, ""661274868"": 0.05, ""532907093"": 0.1, ""611040697"": 0.05, ""482948252"": 0.05, ""368182077"": 0.45}"
OfficialDecentBet,DECENT.bet Official (English),68,2018-11-07,7,32,0.0,"{""673099648"": 0.0312, ""405638406"": 0.0312, ""574694568"": 0.0938, ""210944655"": 0.25, ""340170228"": 0.5, ""435275318"": 0.0625, ""635136221"": 0.0312}"
CallistoNet,CallistoNetwork,69,2018-11-07,3,10,0.2,"{""287842319"": 0.2, ""667427606"": 0.6, ""210944655"": 0.2}"
iocoin_official,I/O Coin Community,70,2018-11-07,3,3,0.3333,"{""211277292"": 0.3333, ""590973411"": 0.3333, ""665681212"": 0.3333}"
utrustofficial,UTRUST,71,2018-11-07,4,5,0.4,"{""451215490"": 0.2, ""528214251"": 0.2, ""580578333"": 0.4, ""496308871"": 0.2}"
,EXRNchain Community,74,2018-11-07,1,1,0.0,"{""420811828"": 1.0}"
MithrilChat,Mithril Community,75,2018-11-07,7,9,0.1111,"{""225309216"": 0.1111, ""453162468"": 0.3333, ""531097770"": 0.1111, ""595741164"": 0.1111, ""774344109"": 0.1111, ""496104690"": 0.1111, ""472600246"": 0.1111}"
THEKEYOFFICIAL,THEKEY OFFICIAL,76,2018-11-07,4,4,0.0,"{""500338217"": 0.25, ""715189013"": 0.25, ""741014716"": 0.25, ""409441777"": 0.25}"
adbanknetwork,Adbank,77,2018-11-07,1,1,0.0,"{""501039439"": 1.0}"
groestl,Groestlcoin (GRS),78,2018-11-07,1,1,1.0,"{""609089434"": 1.0}"
cindicator_chat,Cindicator_chat,80,2018-11-07,1,2,0.0,"{""349052958"": 1.0}"
Envion,ENVION,81,2018-11-07,1,1,0.0,"{""774344109"": 1.0}"
litecoincashofficial,"Litecoin Cash (LCC, EN) | OFFICIAL",82,2018-11-07,8,58,0.1207,"{""550697025"": 0.4828, ""663246243"": 0.0517, ""382167142"": 0.0172, ""723028333"": 0.0172, ""531309966"": 0.069, ""325462101"": 0.1207, ""612063420"": 0.0345, ""476252575"": 0.2069}"
Myriadcoinofficial,Myriadcoin Official,83,2018-11-07,4,15,0.0,"{""389340481"": 0.1333, ""393238697"": 0.3333, ""393416554"": 0.3333, ""336521287"": 0.2}"
experty_io,Experty.io,84,2018-11-07,1,1,0.0,"{""774344109"": 1.0}"
InsurePal,VouchForMe Official Group,85,2018-11-07,3,4,0.25,"{""518341290"": 0.5, ""774344109"": 0.25, ""702557375"": 0.25}"
mobius_network,Mobius,86,2018-11-07,1,13,0.0,"{""657635448"": 1.0}"
sureremit,SureRemit Circle,87,2018-11-07,8,15,0.0667,"{""543986561"": 0.0667, ""491673189"": 0.0667, ""531460970"": 0.2, ""596249164"": 0.0667, ""542875472"": 0.1333, ""668411538"": 0.0667, ""524864757"": 0.0667, ""524092822"": 0.3333}"
tatatuofficial,TaTaTu Community,88,2018-11-07,1,1,1.0,"{""408956733"": 1.0}"
StrongHands,StrongHands (SHND),89,2018-11-07,6,11,0.1818,"{""492537159"": 0.0909, ""542157649"": 0.1818, ""496104690"": 0.3636, ""256221109"": 0.1818, ""407203095"": 0.0909, ""252467674"": 0.0909}"
Nimiq,Nimiq,90,2018-11-07,6,8,0.125,"{""321241024"": 0.125, ""509580505"": 0.25, ""381669896"": 0.125, ""536111312"": 0.125, ""289941813"": 0.125, ""242502585"": 0.25}"
xinfintalk,XinFin Hybrid Blockchain | XDC:XDCE,91,2018-11-07,5,5,0.0,"{""623461995"": 0.2, ""569319691"": 0.2, ""774344109"": 0.2, ""445034513"": 0.2, ""501173883"": 0.2}"
RadiumOfficial,Radium Official,92,2018-11-07,1,2,0.0,"{""664611630"": 1.0}"
Jet8_ecosystem,JET8 Global Community,93,2018-11-07,1,1,0.0,"{""774344109"": 1.0}"
agrello,Agrello,96,2018-11-07,6,7,0.0,"{""214004969"": 0.2857, ""774344109"": 0.1429, ""431558959"": 0.1429, ""558210644"": 0.1429, ""428216349"": 0.1429, ""796300095"": 0.1429}"
mysterium_network,Mysterium Network,97,2018-11-07,1,3,0.0,"{""571756479"": 1.0}"
singularitynet,SingularityNET Community,98,2018-11-07,9,27,0.1481,"{""569843524"": 0.0741, ""482678213"": 0.1481, ""239414378"": 0.0741, ""662072108"": 0.037, ""468006033"": 0.0741, ""466548818"": 0.037, ""502742579"": 0.0741, ""468187771"": 0.2593, ""180358175"": 0.2222}"
vechain_official_english,VeChain Official (Eng),99,2018-11-07,21,81,0.1852,"{""461353728"": 0.0247, ""741484679"": 0.0123, ""210944655"": 0.0864, ""450942096"": 0.0247, ""185706774"": 0.0247, ""197072034"": 0.0494, ""407841196"": 0.1975, ""472359597"": 0.0123, ""528873648"": 0.0123, ""500743624"": 0.0123, ""408561616"": 0.0123, ""455642580"": 0.0494, ""488657638"": 0.1111, ""512674411"": 0.0123, ""522164972"": 0.1235, ""584327918"": 0.1358, ""478482162"": 0.037, ""523732857"": 0.0123, ""494015997"": 0.0123, ""493168766"": 0.0247, ""609312383"": 0.0123}"
pchain_org,PCHAIN1Ô∏è‚É£,101,2018-11-07,4,10,0.0,"{""600952885"": 0.1, ""599202013"": 0.4, ""542864438"": 0.4, ""774344109"": 0.1}"
powerledger,Official Power Ledger Telegram,102,2018-11-07,2,2,0.0,"{""380990073"": 0.5, ""558582878"": 0.5}"
elastosgroup,Elastos Community,103,2018-11-07,16,33,0.2121,"{""587269760"": 0.0606, ""339894499"": 0.0909, ""519283107"": 0.0303, ""515617414"": 0.0303, ""305855240"": 0.2424, ""481387724"": 0.0303, ""355876014"": 0.0303, ""420714095"": 0.0303, ""543059441"": 0.0606, ""616857010"": 0.0303, ""692194037"": 0.0303, ""530704857"": 0.1212, ""494980955"": 0.0606, ""519705853"": 0.0303, ""582256062"": 0.0303, ""439880991"": 0.0909}"
potcoin420,PotCoin,104,2018-11-07,2,5,0.0,"{""537879341"": 0.2, ""303964413"": 0.8}"
sirinlabs,SIRIN LABS (OFFICIAL),108,2018-11-07,21,78,0.2051,"{""433394819"": 0.0128, ""438629252"": 0.0385, ""637551634"": 0.0385, ""359983251"": 0.3333, ""400391059"": 0.1923, ""545461140"": 0.0385, ""533059361"": 0.0128, ""641697833"": 0.0128, ""774344109"": 0.0128, ""199073470"": 0.0128, ""695037252"": 0.0128, ""471560391"": 0.0256, ""635136221"": 0.0128, ""314893931"": 0.0128, ""452805740"": 0.0128, ""723028333"": 0.0128, ""369417326"": 0.0128, ""661274868"": 0.0128, ""399543285"": 0.0128, ""438427766"": 0.0128, ""640803960"": 0.1538}"
stx_coin,STOX,109,2018-11-07,1,1,0.0,"{""614177893"": 1.0}"
LockTrip,LockTrip (LOC Token) - Official Group,110,2018-11-07,16,52,0.1538,"{""441737568"": 0.0577, ""731698817"": 0.1154, ""489796866"": 0.0192, ""359889288"": 0.0769, ""502330795"": 0.1154, ""569673259"": 0.0577, ""424091469"": 0.0192, ""417241901"": 0.0769, ""210944655"": 0.0385, ""326082684"": 0.1154, ""774344109"": 0.0192, ""661274868"": 0.0192, ""451609719"": 0.0385, ""351210936"": 0.1731, ""464598620"": 0.0385, ""635136221"": 0.0192}"
ViberateOfficial,Viberate,112,2018-11-07,1,1,0.0,"{""774344109"": 1.0}"
officialios,IOST Official International Group,4208,2018-11-07,10,46,0.0435,"{""608649249"": 0.0217, ""695084100"": 0.0217, ""451641447"": 0.0217, ""789294411"": 0.3913, ""538463628"": 0.0217, ""774344109"": 0.0217, ""432689809"": 0.413, ""661274868"": 0.0217, ""538711125"": 0.0217, ""549116439"": 0.0435}"
zilliqachat,Zilliqa Official (No airdrops),4209,2018-11-07,18,60,0.1333,"{""516422017"": 0.0167, ""546804360"": 0.0167, ""614575689"": 0.1, ""588003211"": 0.0333, ""502683691"": 0.0333, ""527501976"": 0.0333, ""415990670"": 0.0667, ""43709425"": 0.0167, ""501848722"": 0.0167, ""564297555"": 0.0167, ""510566137"": 0.0333, ""379902902"": 0.0167, ""654342619"": 0.0667, ""522702712"": 0.0333, ""387164057"": 0.2333, ""583062425"": 0.0167, ""373552987"": 0.0333, ""593705437"": 0.2167}"
aion_blockchain,Aion Network,4210,2018-11-07,22,116,0.1897,"{""533820291"": 0.0086, ""544491533"": 0.2241, ""483716629"": 0.0172, ""467774747"": 0.1293, ""696086173"": 0.0086, ""774344109"": 0.0086, ""496054578"": 0.0431, ""520884153"": 0.0086, ""458812620"": 0.0517, ""501869390"": 0.2931, ""176365905"": 0.0086, ""448452821"": 0.0086, ""570143709"": 0.0086, ""545447773"": 0.0086, ""504455142"": 0.0603, ""454340071"": 0.0086, ""546060134"": 0.0172, ""485046634"": 0.0431, ""490171250"": 0.0086, ""467789171"": 0.0086, ""585096435"": 0.0086, ""491152371"": 0.0172}"
RavencoinDev,Ravencoin,4211,2018-11-07,43,261,0.1494,"{""556442497"": 0.0038, ""398317455"": 0.0038, ""529335952"": 0.069, ""367143825"": 0.0268, ""472819473"": 0.0115, ""704826515"": 0.0192, ""260809109"": 0.0038, ""325864342"": 0.0077, ""261909530"": 0.0038, ""402980255"": 0.0038, ""578611109"": 0.0115, ""523554606"": 0.0038, ""330917503"": 0.0192, ""468449969"": 0.0038, ""508250675"": 0.0307, ""469793020"": 0.0038, ""461363641"": 0.0038, ""454084156"": 0.1188, ""552230847"": 0.1609, ""526400704"": 0.0153, ""546427078"": 0.0153, ""248618055"": 0.0038, ""518609994"": 0.0077, ""397368398"": 0.0038, ""479648207"": 0.0268, ""590320974"": 0.0038, ""176365905"": 0.0307, ""588201043"": 0.0115, ""486084821"": 0.0153, ""267091799"": 0.0307, ""20787802"": 0.0077, ""503465692"": 0.0038, ""493055068"": 0.023, ""514227327"": 0.0958, ""365685216"": 0.0498, ""532147042"": 0.0038, ""186232429"": 0.0038, ""11484661"": 0.0038, ""772878839"": 0.0038, ""424248570"": 0.0153, ""292153468"": 0.0153, ""521578237"": 0.0958, ""609312383"": 0.0038}"
OriginTrail,OriginTrail,4212,2018-11-07,6,10,0.4,"{""418099811"": 0.1, ""412095813"": 0.3, ""563811883"": 0.2, ""774344109"": 0.1, ""516930354"": 0.1, ""457674585"": 0.2}"
cybermilestoken,CyberMiles,117,2018-11-07,5,8,0.125,"{""438501669"": 0.25, ""32327436"": 0.125, ""482364143"": 0.25, ""533383928"": 0.125, ""520625913"": 0.25}"
aelfblockchain,√¶lf (ELF) Community,4213,2018-11-07,2,5,0.0,"{""526328402"": 0.6, ""570782396"": 0.4}"
havven_official1,Synthetix - This Channel is Closed (Moved to Discord),4216,2018-11-07,1,1,0.0,"{""774344109"": 1.0}"
paretonetworkdiscussion,Pareto Network - Discussion,119,2018-11-07,6,39,0.3077,"{""452276581"": 0.0513, ""199466630"": 0.1026, ""526948615"": 0.4872, ""691284266"": 0.0513, ""577179762"": 0.2821, ""643129852"": 0.0256}"
quarkchainio,QuarkChain Community,116,2018-11-07,10,13,0.3077,"{""461756485"": 0.0769, ""465066662"": 0.1538, ""609166153"": 0.1538, ""774344109"": 0.0769, ""529895821"": 0.0769, ""579156561"": 0.0769, ""463671827"": 0.0769, ""423114231"": 0.1538, ""77151289"": 0.0769, ""654342619"": 0.0769}"
napoleonx_ICO,NaPoleonX,120,2018-11-07,2,2,0.0,"{""656476838"": 0.5, ""419735358"": 0.5}"
CashaaLtd,Cashaa_Unofficial,121,2018-11-07,3,4,0.25,"{""483087576"": 0.5, ""535980083"": 0.25, ""774344109"": 0.25}"
playkey_io,Playkey.io,125,2018-11-07,1,1,0.0,"{""774344109"": 1.0}"
bountycloud,BountyCloud Support Community,4219,2018-11-07,1,1,0.0,"{""467807175"": 1.0}"
DigitalPandacoin,Digital Pandacoin,4220,2018-11-07,3,3,0.0,"{""392236296"": 0.3333, ""553332268"": 0.3333, ""522296847"": 0.3333}"
,Latium,4221,2018-11-07,15,54,0.1111,"{""726353473"": 0.0185, ""501098785"": 0.0185, ""544706690"": 0.0185, ""623964740"": 0.037, ""707272165"": 0.0185, ""793713606"": 0.0185, ""691751847"": 0.0185, ""580078437"": 0.0185, ""496561609"": 0.3333, ""415998790"": 0.0185, ""570976656"": 0.0741, ""498705649"": 0.1296, ""523337525"": 0.2222, ""751389497"": 0.037, ""443439129"": 0.0185}"
carVerticalio,carVertical,126,2018-11-07,22,72,0.125,"{""459738626"": 0.0139, ""507351439"": 0.125, ""477846548"": 0.0417, ""384078238"": 0.0139, ""496914591"": 0.0139, ""791951907"": 0.0556, ""291964837"": 0.0139, ""383976870"": 0.0556, ""543842727"": 0.1389, ""424849719"": 0.0139, ""425925440"": 0.0278, ""492721730"": 0.0139, ""509496644"": 0.1111, ""481704774"": 0.0833, ""526993229"": 0.0278, ""415991260"": 0.0556, ""24247773"": 0.0139, ""499821024"": 0.0694, ""638158693"": 0.0139, ""499039469"": 0.0139, ""487579384"": 0.0556, ""505119482"": 0.0278}"
EndorcoinGroup,Endor Protocol Group,127,2018-11-07,2,2,0.0,"{""602899363"": 0.5, ""774344109"": 0.5}"
hmsglobal,[CN] HMS Global,4224,2018-11-07,2,2,0.0,"{""512460323"": 0.5, ""774344109"": 0.5}"
OpacityStorage,Opacity,4225,2018-11-07,84,638,0.1755,"{""533016098"": 0.0063, ""535692853"": 0.0016, ""467337280"": 0.011, ""499564612"": 0.0533, ""461756485"": 0.0031, ""521792584"": 0.0016, ""433977935"": 0.0047, ""676155473"": 0.0016, ""460955731"": 0.0031, ""347118166"": 0.0047, ""513468502"": 0.0016, ""516623960"": 0.0172, ""359359576"": 0.0094, ""240271962"": 0.0063, ""549242465"": 0.0078, ""427783795"": 0.0063, ""632783995"": 0.0063, ""720167050"": 0.0031, ""210944655"": 0.0188, ""503744670"": 0.0141, ""434854567"": 0.0094, ""435450538"": 0.0016, ""494783660"": 0.0031, ""471496369"": 0.0016, ""299805877"": 0.0016, ""462849717"": 0.0047, ""64207542"": 0.0125, ""571605178"": 0.0047, ""503807676"": 0.0705, ""483870911"": 0.0141, ""483098312"": 0.0016, ""499110600"": 0.0016, ""522138826"": 0.069, ""496902351"": 0.0031, ""461327063"": 0.058, ""430562522"": 0.0047, ""541058781"": 0.0219, ""516963551"": 0.0031, ""487448293"": 0.0188, ""433945325"": 0.0282, ""265781998"": 0.1364, ""528308465"": 0.0016, ""380901105"": 0.0016, ""538706675"": 0.0078, ""458431738"": 0.0031, ""473128195"": 0.0047, ""534460167"": 0.0047, ""467774747"": 0.0172, ""279725340"": 0.0016, ""539466525"": 0.0016, ""512170273"": 0.0063, ""376312620"": 0.0016, ""513179449"": 0.0047, ""550626106"": 0.0251, ""503777088"": 0.0392, ""517930307"": 0.0329, ""435677517"": 0.0078, ""544855891"": 0.0204, ""638143319"": 0.0016, ""515385177"": 0.0016, ""535986036"": 0.0016, ""681996148"": 0.0157, ""705066872"": 0.0031, ""361620856"": 0.0016, ""288947072"": 0.0016, ""512222081"": 0.0376, ""397726098"": 0.0125, ""464777622"": 0.0047, ""537332648"": 0.0172, ""509097901"": 0.0016, ""582256062"": 0.0016, ""374944711"": 0.0047, ""402928071"": 0.0016, ""724905418"": 0.0016, ""436681163"": 0.0031, ""391399378"": 0.0031, ""533407705"": 0.0016, ""526654431"": 0.0204, ""736159712"": 0.0016, ""531634144"": 0.0031, ""645091812"": 0.011, ""433936356"": 0.0016, ""343854579"": 0.0047, ""561443828"": 0.0063}"
BBNGlobalFans,BBN Global Fans,4222,2018-11-07,1,1,0.0,"{""774344109"": 1.0}"
ORCAalliance,ORCA 2.0,4227,2018-11-07,5,16,0.125,"{""516738401"": 0.3125, ""19067922"": 0.125, ""685889907"": 0.375, ""605551318"": 0.0625, ""340684058"": 0.125}"
getELIX,ELIX,131,2018-11-07,3,4,0.0,"{""467688989"": 0.5, ""494015997"": 0.25, ""774344109"": 0.25}"
DeviantDEV,Deviant Coin Community,133,2018-11-07,3,6,0.1667,"{""6238016"": 0.1667, ""590512324"": 0.5, ""312646077"": 0.3333}"
WolfCryptoPub,Wolf Crypto,4228,2018-11-07,2,2,0.0,"{""415840204"": 0.5, ""546634071"": 0.5}"
UNetwork,U Network Official,135,2018-11-07,6,12,0.1667,"{""485841476"": 0.0833, ""489606026"": 0.3333, ""512293356"": 0.1667, ""445428498"": 0.1667, ""509650621"": 0.1667, ""436942526"": 0.0833}"
go_chain,GoChain,136,2018-11-07,22,79,0.1646,"{""503465090"": 0.1266, ""496308871"": 0.0127, ""474700170"": 0.0506, ""630694544"": 0.0506, ""369706656"": 0.0127, ""489444003"": 0.0127, ""492729123"": 0.0253, ""467414053"": 0.0127, ""507999655"": 0.0127, ""569196460"": 0.0759, ""389762349"": 0.0127, ""554561977"": 0.0253, ""434277565"": 0.0506, ""548985021"": 0.0253, ""466385087"": 0.0253, ""491984215"": 0.2658, ""453966171"": 0.0253, ""487210979"": 0.0127, ""645166952"": 0.0506, ""504957805"": 0.0127, ""526373747"": 0.0633, ""501175672"": 0.038}"
snovio_ico,Snovian.Space,134,2018-11-07,1,1,0.0,"{""774344109"": 1.0}"
bluzelle,Official Bluzelle Telegram,138,2018-11-07,4,7,0.1429,"{""370556314"": 0.2857, ""499648317"": 0.4286, ""574411559"": 0.1429, ""774344109"": 0.1429}"
smartlandschat,Smartlands.io,139,2018-11-07,53,377,0.0531,"{""518395905"": 0.0212, ""412163714"": 0.0928, ""440075265"": 0.0027, ""644674821"": 0.0053, ""679204742"": 0.0053, ""582015496"": 0.008, ""772112905"": 0.0159, ""524004367"": 0.008, ""540290963"": 0.0053, ""287665684"": 0.0027, ""385431317"": 0.069, ""504077075"": 0.0186, ""289113884"": 0.1008, ""491783710"": 0.008, ""521341473"": 0.0424, ""492624161"": 0.0027, ""508357284"": 0.0106, ""411449766"": 0.0371, ""601423528"": 0.0053, ""348413610"": 0.0159, ""502683691"": 0.0265, ""399347756"": 0.0106, ""311873711"": 0.0027, ""543546296"": 0.008, ""572728634"": 0.0159, ""346505660"": 0.0186, ""307388736"": 0.0027, ""566463809"": 0.0027, ""487236930"": 0.0133, ""493100355"": 0.0027, ""587525056"": 0.0053, ""645249733"": 0.0053, ""384743110"": 0.0345, ""438407111"": 0.0106, ""693594442"": 0.0371, ""593993675"": 0.0027, ""384713421"": 0.0265, ""37736528"": 0.0027, ""512643153"": 0.0212, ""777907282"": 0.0265, ""201177426"": 0.0345, ""476381010"": 0.0106, ""538461655"": 0.0186, ""244460633"": 0.0027, ""500857050"": 0.0027, ""588855644"": 0.0053, ""766049122"": 0.0106, ""739176680"": 0.0053, ""469379181"": 0.0027, ""354517362"": 0.1008, ""463831545"": 0.0133, ""504762874"": 0.0371, ""22265854"": 0.0027}"
medibloc,MediBloc Official,141,2018-11-07,4,5,0.2,"{""421198001"": 0.2, ""774344109"": 0.2, ""515608517"": 0.4, ""503776967"": 0.2}"
Ochain,0Chain,144,2018-11-07,2,2,0.0,"{""744774668"": 0.5, ""774344109"": 0.5}"
hacken_en,HACKEN Official Group,145,2018-11-07,7,14,0.1429,"{""328312610"": 0.2143, ""774344109"": 0.0714, ""723028333"": 0.0714, ""303565967"": 0.0714, ""453734709"": 0.0714, ""458829207"": 0.4286, ""490142106"": 0.0714}"
dockio,Dock,146,2018-11-07,5,41,0.1707,"{""539699493"": 0.0488, ""477870951"": 0.3171, ""774344109"": 0.0244, ""385430196"": 0.1951, ""487362934"": 0.4146}"
emercoin_official,Emercoin Community,147,2018-11-07,2,17,0.1176,"{""330424417"": 0.7059, ""438501669"": 0.2941}"
swfcoin,SWFTCoin (Official),148,2018-11-07,2,2,0.0,"{""537268252"": 0.5, ""744774668"": 0.5}"
CPChain,CPChain,149,2018-11-07,4,6,0.0,"{""578741864"": 0.3333, ""757471915"": 0.3333, ""616555644"": 0.1667, ""774344109"": 0.1667}"
monethagroup,Monetha Group,152,2018-11-07,1,1,0.0,"{""423181956"": 1.0}"
ceekvrtokensale,CEEK VR (Official),153,2018-11-07,3,4,0.0,"{""403225410"": 0.25, ""774344109"": 0.25, ""514748826"": 0.5}"
neblio_official,Neblio Blockchain - Official Channel,154,2018-11-07,6,20,0.15,"{""510173611"": 0.05, ""491877871"": 0.1, ""426008178"": 0.25, ""668320468"": 0.15, ""525119028"": 0.2, ""331026458"": 0.25}"
SubstratumCommunity,Substratum Network Community,155,2018-11-07,11,31,0.2903,"{""465035940"": 0.0323, ""664883718"": 0.1613, ""414670216"": 0.1935, ""369932620"": 0.0323, ""565661679"": 0.0323, ""531729522"": 0.0968, ""518540085"": 0.0645, ""520417717"": 0.0323, ""119168792"": 0.0323, ""625280601"": 0.0323, ""499573947"": 0.2903}"
particlproject,Particl Project [PART],156,2018-11-07,1,1,1.0,"{""411012724"": 1.0}"
telcoincommunity,Telcoin Community,157,2018-11-07,9,18,0.1667,"{""545136163"": 0.0556, ""345150596"": 0.0556, ""688601256"": 0.0556, ""682310698"": 0.0556, ""774344109"": 0.0556, ""474477104"": 0.2222, ""507358896"": 0.3889, ""477131610"": 0.0556, ""497931675"": 0.0556}"
EOSproject,EOS,159,2018-11-07,14,69,0.1449,"{""727301664"": 0.1014, ""139127521"": 0.1739, ""180877027"": 0.0145, ""140165124"": 0.0145, ""50613956"": 0.029, ""710027784"": 0.087, ""329818696"": 0.0145, ""608831081"": 0.029, ""526502043"": 0.0145, ""727304627"": 0.3333, ""421502391"": 0.0145, ""487819995"": 0.0145, ""496285149"": 0.0145, ""662869598"": 0.1449}"
LoyalCoin,LoyalCoin Official,161,2018-11-07,3,3,0.3333,"{""494795144"": 0.3333, ""656637646"": 0.3333, ""697350943"": 0.3333}"
opusfoundation,Opus,163,2018-11-07,1,2,0.0,"{""768709714"": 1.0}"
OntologyNetwork,Ontology (English),164,2018-11-07,13,32,0.2812,"{""353652033"": 0.0312, ""396043331"": 0.0625, ""527391684"": 0.0625, ""191502088"": 0.0312, ""468549964"": 0.0312, ""183181134"": 0.0938, ""394767216"": 0.0625, ""630404528"": 0.0312, ""609517172"": 0.25, ""506120212"": 0.0312, ""512310103"": 0.1562, ""180601976"": 0.0938, ""242589437"": 0.0625}"
hiveterminal,Hiveterminal,165,2018-11-07,2,2,0.0,"{""316802524"": 0.5, ""516720286"": 0.5}"
FunFair_Official,FunFair Official,166,2018-11-07,8,27,0.037,"{""593324323"": 0.1111, ""339892392"": 0.0741, ""474001227"": 0.0741, ""9309711"": 0.037, ""483335186"": 0.0741, ""380990073"": 0.4074, ""429729339"": 0.1481, ""387053564"": 0.0741}"
minexcoin,Minexcoin | MinexPay,167,2018-11-07,4,9,0.3333,"{""544329193"": 0.3333, ""511303366"": 0.3333, ""654288166"": 0.2222, ""400580657"": 0.1111}"
xyonetwork,XYO Geohackers,170,2018-11-07,12,30,0.3,"{""516194469"": 0.0333, ""309287400"": 0.1667, ""774344109"": 0.0333, ""566789015"": 0.1, ""435745939"": 0.0333, ""646374102"": 0.0667, ""552997846"": 0.0333, ""539989912"": 0.2, ""553390422"": 0.1333, ""493147192"": 0.1, ""648465499"": 0.0333, ""505372702"": 0.0667}"
indahash_chat,indaHash_chat,171,2018-11-07,6,9,0.1111,"{""151299272"": 0.3333, ""774344109"": 0.1111, ""596360495"": 0.2222, ""456087889"": 0.1111, ""481265558"": 0.1111, ""689699832"": 0.1111}"
dentcoin,DENT - OFFICIAL,172,2018-11-07,9,15,0.1333,"{""510744322"": 0.0667, ""694016226"": 0.0667, ""496308871"": 0.0667, ""647831464"": 0.1333, ""210944655"": 0.3333, ""540680432"": 0.0667, ""90641556"": 0.0667, ""510514196"": 0.1333, ""796300095"": 0.0667}"
eosdacio,eosDAC #vote_eosdacserver,173,2018-11-07,2,2,0.0,"{""422999361"": 0.5, ""774344109"": 0.5}"
Wavescommunity,WavesPlatform,4268,2018-11-07,1,1,0.0,"{""467081413"": 1.0}"
FUSIONFoundation,FUSION Official,175,2018-11-07,12,15,0.2,"{""12977536"": 0.0667, ""537295203"": 0.0667, ""427786916"": 0.0667, ""506066659"": 0.0667, ""794753062"": 0.0667, ""540815972"": 0.0667, ""536052089"": 0.2, ""262947337"": 0.0667, ""407261613"": 0.0667, ""671653486"": 0.1333, ""344906745"": 0.0667, ""463149274"": 0.0667}"
QUOINE,Liquid by Quoine,176,2018-11-07,16,68,0.1029,"{""660068480"": 0.0735, ""405024385"": 0.1765, ""468138145"": 0.1618, ""524971880"": 0.0147, ""629721545"": 0.0588, ""417606345"": 0.0588, ""427653227"": 0.0147, ""514870317"": 0.1765, ""176365905"": 0.0735, ""510444595"": 0.0147, ""349613141"": 0.0735, ""638802709"": 0.0441, ""653686679"": 0.0147, ""234846008"": 0.0147, ""614956318"": 0.0147, ""554925887"": 0.0147}"
ZClassicCoin,Zclassic Official,4272,2018-11-07,1,1,0.0,"{""602766513"": 1.0}"
BrahmaOS,Brahma OS Official Group,178,2018-11-07,1,1,0.0,"{""774344109"": 1.0}"
markspaceio,MARK.SPACE OFFICIAL GROUP,179,2018-11-07,4,15,0.2667,"{""407818160"": 0.2, ""516581442"": 0.1333, ""526806524"": 0.6, ""774344109"": 0.0667}"
WanchainCHAT,WanchainCHAT,4276,2018-11-07,1,1,1.0,"{""447808808"": 1.0}"
silentnotary,SilentNotary,181,2018-11-07,19,55,0.1091,"{""526967189"": 0.0182, ""467688989"": 0.0727, ""464834596"": 0.0909, ""523764644"": 0.0182, ""479116842"": 0.0364, ""774344109"": 0.0182, ""450273460"": 0.0364, ""539587909"": 0.0182, ""558419909"": 0.0909, ""597904715"": 0.0182, ""463002581"": 0.0182, ""432237015"": 0.0182, ""562320216"": 0.2182, ""538647513"": 0.0545, ""499400023"": 0.0364, ""165933538"": 0.0909, ""452832875"": 0.1091, ""661274868"": 0.0182, ""502184315"": 0.0182}"
switcheo,Switcheo Network [Official],182,2018-11-07,10,32,0.1562,"{""31375328"": 0.0312, ""379172032"": 0.1562, ""455897699"": 0.0312, ""343239916"": 0.0312, ""412100846"": 0.1875, ""514450353"": 0.0938, ""373681042"": 0.0312, ""542386967"": 0.0312, ""530704857"": 0.0312, ""521947966"": 0.375}"
ShipChain,ShipChain,183,2018-11-07,1,1,0.0,"{""774344109"": 1.0}"
crownplatform,Crown Platform,184,2018-11-07,2,7,0.2857,"{""419925232"": 0.4286, ""441532148"": 0.5714}"
blockport,Blockport Community,185,2018-11-07,6,7,0.0,"{""517879499"": 0.1429, ""774344109"": 0.1429, ""485912846"": 0.1429, ""530289008"": 0.1429, ""474734395"": 0.2857, ""594036606"": 0.1429}"
nebulasio,Nebulas [moved to t.me/nebulasen],186,2018-11-07,2,2,0.0,"{""530704857"": 0.5, ""557303743"": 0.5}"
sentinelprotocol,Sentinel Protocol,180,2018-11-07,1,1,0.0,"{""774344109"": 1.0}"
wax_io,WAX.io,188,2018-11-07,13,41,0.1951,"{""528051685"": 0.0488, ""320797383"": 0.0488, ""491596905"": 0.0244, ""411141738"": 0.0488, ""499034956"": 0.1707, ""527329871"": 0.0976, ""616994193"": 0.0488, ""483335186"": 0.1463, ""382781555"": 0.0244, ""163269010"": 0.0244, ""419389884"": 0.0244, ""228554652"": 0.2683, ""463735613"": 0.0244}"
FLOblockchain,FLO,189,2018-11-07,3,3,0.0,"{""380665194"": 0.3333, ""315256613"": 0.3333, ""533444239"": 0.3333}"
officialhtmlcoin,HTMLCOIN OFFICIAL,190,2018-11-07,15,108,0.1574,"{""647665892"": 0.0185, ""516271236"": 0.0278, ""696555077"": 0.0093, ""292701799"": 0.0093, ""658499560"": 0.0093, ""406699177"": 0.0093, ""398325258"": 0.1944, ""694889390"": 0.0093, ""167024591"": 0.0185, ""350214961"": 0.0093, ""452827669"": 0.0833, ""391136408"": 0.1111, ""625280601"": 0.0093, ""589113946"": 0.4352, ""402731711"": 0.0463}"
daostackcommunity,DAOstack Community,192,2018-11-07,2,2,0.0,"{""488656917"": 0.5, ""774344109"": 0.5}"
SimmitriToken,Simmitri Token,193,2018-11-07,3,4,0.0,"{""350965131"": 0.25, ""154857846"": 0.25, ""586222671"": 0.5}"
oraclesnetwork,POA and xDai - the civil discourse,194,2018-11-07,5,8,0.375,"{""537815370"": 0.125, ""410248812"": 0.125, ""539763982"": 0.125, ""506359477"": 0.375, ""506685077"": 0.25}"
AxpireOfficial,aXpire Official,195,2018-11-07,6,9,0.1111,"{""387280352"": 0.1111, ""546313543"": 0.1111, ""774344109"": 0.1111, ""526993550"": 0.2222, ""549167128"": 0.1111, ""382105819"": 0.3333}"
constellationcommunity,Constellation Community,196,2018-11-07,4,20,0.15,"{""550638160"": 0.05, ""614575689"": 0.55, ""774344109"": 0.05, ""663307175"": 0.35}"
faceter,Faceter Chat,197,2018-11-07,5,13,0.3077,"{""297032068"": 0.1538, ""708144365"": 0.4615, ""433304845"": 0.2308, ""635623311"": 0.0769, ""774344109"": 0.0769}"
SiaCoin,Siacoin SC,4296,2018-11-07,8,13,0.4615,"{""367304290"": 0.1538, ""246899173"": 0.2308, ""489959686"": 0.0769, ""163421479"": 0.0769, ""613748204"": 0.0769, ""665057488"": 0.0769, ""349181689"": 0.1538, ""599114527"": 0.1538}"
taasfund,TaaS: Token-as-a-Service,4297,2018-11-07,2,28,0.1071,"{""204542565"": 0.7857, ""466485742"": 0.2143}"
Skycoin,Skycoin - Building the new Internet,4298,2018-11-07,37,209,0.1962,"{""649484160"": 0.0144, ""495026179"": 0.067, ""418351111"": 0.0144, ""343012361"": 0.0096, ""388602129"": 0.0574, ""486033299"": 0.0383, ""499799829"": 0.0335, ""491196058"": 0.0096, ""589282972"": 0.0096, ""487331741"": 0.2919, ""414809244"": 0.0048, ""578125093"": 0.0526, ""498540714"": 0.0096, ""619258291"": 0.0048, ""521304122"": 0.0048, ""368046656"": 0.0048, ""488308938"": 0.0048, ""427681488"": 0.0096, ""479440850"": 0.0048, ""381364179"": 0.0383, ""471307476"": 0.0191, ""482416981"": 0.0383, ""471230679"": 0.0048, ""364915418"": 0.0048, ""404426587"": 0.0239, ""354162397"": 0.0048, ""154035554"": 0.0048, ""410604644"": 0.0335, ""593023077"": 0.0335, ""533493734"": 0.0048, ""494319079"": 0.0431, ""506014703"": 0.0048, ""526540144"": 0.0048, ""772878839"": 0.0048, ""547146232"": 0.0718, ""464730236"": 0.0048, ""494015997"": 0.0096}"
,GRAFT Blockchain,202,2018-11-07,20,54,0.2593,"{""359889288"": 0.0185, ""560565006"": 0.0185, ""535962136"": 0.037, ""516793758"": 0.0556, ""571084833"": 0.0741, ""544575267"": 0.0185, ""692799785"": 0.1296, ""613493931"": 0.037, ""34324144"": 0.0185, ""463065407"": 0.0185, ""530465095"": 0.037, ""574394827"": 0.0185, ""494415438"": 0.0185, ""546597201"": 0.0185, ""537611481"": 0.0185, ""453056090"": 0.0556, ""529494751"": 0.1296, ""461702760"": 0.0556, ""632233578"": 0.2037, ""401099891"": 0.0185}"
PolicyPalNetwork,PAL Network,204,2018-11-07,10,13,0.2308,"{""478386121"": 0.2308, ""531784937"": 0.0769, ""490344747"": 0.0769, ""774344109"": 0.0769, ""658577102"": 0.0769, ""315799375"": 0.0769, ""552945777"": 0.0769, ""619229810"": 0.0769, ""659383473"": 0.1538, ""461017049"": 0.0769}"
morpheuslabs,MITx MorpheusLabs Infrastructure Token,203,2018-11-07,3,9,0.2222,"{""776656904"": 0.4444, ""176365905"": 0.2222, ""783765919"": 0.3333}"
bitdegree,BitDegree Chat,206,2018-11-07,1,2,1.0,"{""491047740"": 1.0}"
ALAX_io,ALAX Global,207,2018-11-07,1,1,0.0,"{""774344109"": 1.0}"
bounty0x,Bounty0x,208,2018-11-07,3,3,0.0,"{""464673588"": 0.3333, ""774344109"": 0.3333, ""580282127"": 0.3333}"
helbiz,$HBZcoin,209,2018-11-07,4,4,0.25,"{""610873266"": 0.25, ""502927732"": 0.25, ""774344109"": 0.25, ""303549998"": 0.25}"
clearpoll_group,ClearPoll,211,2018-11-07,4,6,0.0,"{""415337766"": 0.5, ""723028333"": 0.1667, ""477597493"": 0.1667, ""527651494"": 0.1667}"
bitcoinzcommunity,BitcoinZ,213,2018-11-07,1,2,0.0,"{""588322587"": 1.0}"
DccOfficial,DCC Official English,216,2018-11-07,12,16,0.0,"{""389340481"": 0.0625, ""665128451"": 0.0625, ""400753764"": 0.0625, ""513162373"": 0.125, ""467348077"": 0.0625, ""774344109"": 0.0625, ""460127790"": 0.125, ""718850768"": 0.0625, ""553154069"": 0.0625, ""613601142"": 0.1875, ""544321593"": 0.0625, ""585628636"": 0.0625}"
dentacoin,Dentacoin Foundation,217,2018-11-07,2,2,0.0,"{""774344109"": 0.5, ""465112942"": 0.5}"
sproutsofficial,Sprouts Official,218,2018-11-07,11,23,0.1304,"{""456462338"": 0.1739, ""551711075"": 0.1304, ""529236901"": 0.0435, ""530812395"": 0.1739, ""518978926"": 0.0435, ""252467674"": 0.0435, ""218654035"": 0.087, ""242823319"": 0.0435, ""247655928"": 0.087, ""464488826"": 0.087, ""746997950"": 0.087}"
Litecoin,Litecoin LTC,219,2018-11-07,5,8,0.0,"{""582929314"": 0.125, ""211501511"": 0.25, ""625132457"": 0.25, ""529895821"": 0.125, ""458171030"": 0.25}"
debitum,Debitum Network,220,2018-11-07,4,5,0.0,"{""715189013"": 0.4, ""668256206"": 0.2, ""774344109"": 0.2, ""261244309"": 0.2}"
raiblocks,NANO Official (English chat),4317,2018-11-07,4,4,0.0,"{""394470258"": 0.25, ""193246451"": 0.25, ""330917503"": 0.25, ""496308871"": 0.25}"
projecthydro,Hydro,222,2018-11-07,5,6,0.0,"{""210944655"": 0.3333, ""179334258"": 0.1667, ""502927732"": 0.1667, ""531455572"": 0.1667, ""517038206"": 0.1667}"
remme,Remme,221,2018-11-07,4,5,0.0,"{""462073088"": 0.4, ""506424617"": 0.2, ""467945370"": 0.2, ""774344109"": 0.2}"
nemred,NEM::Official::(Red),224,2018-11-07,11,25,0.0,"{""101576960"": 0.08, ""359627777"": 0.04, ""329653441"": 0.08, ""85565154"": 0.04, ""440694024"": 0.2, ""454396872"": 0.2, ""625132457"": 0.08, ""437377195"": 0.12, ""677209487"": 0.04, ""381508663"": 0.08, ""431099352"": 0.04}"
viacoin,Viacoin,225,2018-11-07,6,12,0.3333,"{""387871785"": 0.25, ""319173034"": 0.0833, ""558382443"": 0.25, ""575941999"": 0.1667, ""453986192"": 0.0833, ""176365905"": 0.1667}"
dadichat,DADI,223,2018-11-07,2,2,0.0,"{""537018938"": 0.5, ""774344109"": 0.5}"
lamdenchat,"Lamden - Up next, Mainnet!",227,2018-11-07,14,24,0.25,"{""569374721"": 0.0833, ""472614556"": 0.0833, ""338042531"": 0.0417, ""309462086"": 0.0417, ""774344109"": 0.0417, ""462476175"": 0.0833, ""505246031"": 0.1667, ""235121521"": 0.0417, ""773880754"": 0.2083, ""320894548"": 0.0417, ""435275318"": 0.0417, ""548648153"": 0.0417, ""507737244"": 0.0417, ""608854591"": 0.0417}"
polyswarm,PolySwarm,228,2018-11-07,4,4,0.0,"{""176365905"": 0.25, ""774344109"": 0.25, ""706384342"": 0.25, ""702557375"": 0.25}"
Medicalchain,Medicalchain Community,226,2018-11-07,2,2,0.0,"{""556736531"": 0.5, ""774344109"": 0.5}"
hpbglobal,HPB Global,230,2018-11-07,11,32,0.3125,"{""507195195"": 0.125, ""534499910"": 0.0312, ""460971816"": 0.0312, ""342225356"": 0.0312, ""406510608"": 0.0312, ""397726098"": 0.0312, ""561443828"": 0.0625, ""481532820"": 0.0938, ""510288826"": 0.0938, ""486467227"": 0.25, ""531603966"": 0.2188}"
energitoken,EnergiToken (Expired - Please move to new group),231,2018-11-07,3,3,0.3333,"{""345296042"": 0.3333, ""389676084"": 0.3333, ""774344109"": 0.3333}"
unibright_io,Unibright Official Community,234,2018-11-07,5,34,0.1176,"{""539287779"": 0.3824, ""774344109"": 0.0294, ""548628461"": 0.3235, ""333055215"": 0.0294, ""13169843"": 0.2353}"
friendzICO,Friendz App Crypto Community,235,2018-11-07,3,4,0.0,"{""774344109"": 0.25, ""427651566"": 0.25, ""486009671"": 0.5}"
monero,Monero XMR,4332,2018-11-07,10,34,0.1176,"{""381028480"": 0.0294, ""671474014"": 0.0294, ""300499945"": 0.0294, ""2987442"": 0.1176, ""102052754"": 0.2059, ""425706067"": 0.2059, ""6507061"": 0.0588, ""533422041"": 0.2647, ""129811582"": 0.0294, ""517644345"": 0.0294}"
effectai,Effect.AI,237,2018-11-07,4,5,0.2,"{""392406320"": 0.4, ""518161177"": 0.2, ""507249497"": 0.2, ""274488838"": 0.2}"
iotatangle,IOTA Tech,4334,2018-11-07,1,3,0.0,"{""493342846"": 1.0}"
measurabledata,Measurable Data Token (MDT),238,2018-11-07,1,1,0.0,"{""774344109"": 1.0}"
bitrentio,BitRent.uk - Platform(ENG),240,2018-11-07,1,1,0.0,"{""774344109"": 1.0}"
OfficialRate3,Rate3 (RTE) Official Community,241,2018-11-07,4,6,0.3333,"{""450377851"": 0.3333, ""661274868"": 0.1667, ""774344109"": 0.1667, ""542415823"": 0.3333}"
CCC_official,CCC_Official,244,2018-11-07,1,1,0.0,"{""774344109"": 1.0}"
AutisticDogHack,Merculet,245,2018-11-07,1,1,0.0,"{""774344109"": 1.0}"
,Hatchworks - Spectre.ai/Betverse/GG Play- Community Channel,246,2018-11-07,6,26,0.1154,"{""657949602"": 0.0769, ""394896421"": 0.2692, ""456824881"": 0.1154, ""420327259"": 0.4615, ""448052891"": 0.0385, ""452430142"": 0.0385}"
officialcoinpoker,CoinPoker,250,2018-11-07,8,26,0.1154,"{""363365129"": 0.1154, ""536649961"": 0.0385, ""570054604"": 0.2692, ""774344109"": 0.0385, ""663919188"": 0.2308, ""14993752"": 0.1154, ""548038746"": 0.0385, ""694777276"": 0.1538}"
leverj,Leverj,251,2018-11-07,1,1,0.0,"{""723028333"": 1.0}"
bloomprotocol,Bloom,255,2018-11-07,3,6,0.1667,"{""446855036"": 0.3333, ""548516524"": 0.1667, ""715189013"": 0.5}"
crypterium,Crypterium Chat (EN),256,2018-11-07,7,25,0.28,"{""506823328"": 0.04, ""587100897"": 0.08, ""496038019"": 0.04, ""536579174"": 0.64, ""481671882"": 0.12, ""537688304"": 0.04, ""411946130"": 0.04}"
peercoin,Peercoin√óDiscord,257,2018-11-07,2,2,0.0,"{""283576548"": 0.5, ""208373228"": 0.5}"
tomochain,TomoChain ($TOMO) Chat,258,2018-11-07,9,18,0.0556,"{""501686244"": 0.1111, ""774344109"": 0.0556, ""501910003"": 0.1111, ""452650772"": 0.1667, ""524464663"": 0.1111, ""635136221"": 0.0556, ""509104317"": 0.2778, ""545947038"": 0.0556, ""404762239"": 0.0556}"
EnigmaProject,Enigma Project Official,259,2018-11-07,2,4,0.25,"{""496716040"": 0.5, ""494363467"": 0.5}"
bitcore_btx_community,Bitcore_BTX,260,2018-11-07,4,6,0.1667,"{""321224137"": 0.3333, ""680350081"": 0.3333, ""406362940"": 0.1667, ""370204655"": 0.1667}"
lympo,Lympo Community - o'Lympians,261,2018-11-07,6,18,0.1667,"{""438501669"": 0.1111, ""493857415"": 0.1667, ""507250663"": 0.3333, ""560805037"": 0.1111, ""615186199"": 0.1667, ""498024378"": 0.1111}"
SwissBorgChat,SwissBorg,263,2018-11-07,7,12,0.0833,"{""510813857"": 0.0833, ""387769768"": 0.0833, ""433304845"": 0.25, ""774344109"": 0.0833, ""210944655"": 0.0833, ""698501022"": 0.25, ""468672734"": 0.1667}"
kybernetwork,Kyber Network,265,2018-11-07,1,1,1.0,"{""399560304"": 1.0}"
RebelliousCoin,Rebellious,266,2018-11-07,4,7,0.1429,"{""774344109"": 0.1429, ""341904773"": 0.2857, ""545591701"": 0.4286, ""370422055"": 0.1429}"
ArcBlock,ArcBlock,267,2018-11-07,2,2,0.5,"{""459311684"": 0.5, ""774344109"": 0.5}"
babb_official,BABB Community,268,2018-11-07,13,36,0.1667,"{""533159873"": 0.0556, ""590170978"": 0.0556, ""400837601"": 0.1944, ""485841476"": 0.0556, ""569133926"": 0.0556, ""734143562"": 0.0556, ""457366123"": 0.1944, ""530264427"": 0.0833, ""478387405"": 0.0556, ""368264075"": 0.0556, ""622310096"": 0.0556, ""507717042"": 0.0278, ""242625586"": 0.0556}"
IoTChain,IoT Chain (ITC) Official,269,2018-11-07,1,1,0.0,"{""774344109"": 1.0}"
deepbrainchain,DeepBrain Chain,270,2018-11-07,2,4,0.25,"{""410165196"": 0.5, ""421473853"": 0.5}"
olympuslabs,Olympus Labs,271,2018-11-07,3,4,0.25,"{""692194037"": 0.5, ""243747125"": 0.25, ""774344109"": 0.25}"
dimecosystem,DIM Ecosystem,272,2018-11-07,4,10,0.1,"{""429660432"": 0.3, ""408489518"": 0.1, ""396887734"": 0.4, ""562490263"": 0.2}"
OmiseGo,Omise GO (Unofficial),273,2018-11-07,1,1,0.0,"{""491267219"": 1.0}"
spectrecoin,Spectrecoin [xspec] - Privacy at Stake,274,2018-11-07,2,7,0.2857,"{""736347690"": 0.7143, ""261909530"": 0.2857}"
mobilego,MobileGo Community Channel,276,2018-11-07,1,1,0.0,"{""774344109"": 1.0}"
AchainOfficial,Achain,278,2018-11-07,6,16,0.1875,"{""540091492"": 0.25, ""527699370"": 0.0625, ""504525706"": 0.375, ""521858226"": 0.0625, ""653554875"": 0.125, ""518067614"": 0.125}"
BCDcommunity,Bitcoin Diamond,281,2018-11-07,1,1,0.0,"{""625132457"": 1.0}"
cobinhood,COBINHOOD,283,2018-11-07,6,16,0.1875,"{""401908032"": 0.4375, ""328721572"": 0.0625, ""774344109"": 0.0625, ""433258289"": 0.0625, ""490135732"": 0.3125, ""143305919"": 0.0625}"
datawallet,Datawallet,284,2018-11-07,3,5,0.2,"{""444811952"": 0.4, ""598183236"": 0.4, ""774344109"": 0.2}"
BitcoinGoldHQ,Bitcoin Gold Global - English,286,2018-11-07,3,5,0.0,"{""43935904"": 0.6, ""625132457"": 0.2, ""744774668"": 0.2}"
thetanetwork,Theta Network (Admins will never message your first or ask for private info / keys / seed phrases!),287,2018-11-07,7,15,0.1333,"{""477041155"": 0.0667, ""400753764"": 0.0667, ""546184708"": 0.4, ""528349642"": 0.1333, ""309576976"": 0.1333, ""659780504"": 0.0667, ""527356857"": 0.1333}"
NxtCommunity,Nxt Community,288,2018-11-07,1,3,0.0,"{""261244309"": 1.0}"
Divi_Project,New Channel in Pin,289,2018-11-07,2,2,0.5,"{""418563408"": 0.5, ""424749749"": 0.5}"
qlinkmobile,QLC Chain,290,2018-11-07,3,10,0.3,"{""576500009"": 0.1, ""419075892"": 0.4, ""290141575"": 0.5}"
carnomicofficial,Carnomic English Official,291,2018-11-07,7,11,0.2727,"{""431187203"": 0.2727, ""757471915"": 0.0909, ""501964684"": 0.0909, ""774344109"": 0.0909, ""84210004"": 0.1818, ""496661213"": 0.0909, ""289290143"": 0.1818}"
official_nagacoin,The NAGA Coin (we've moved),293,2018-11-07,1,1,0.0,"{""774344109"": 1.0}"
aeternity,√¶ternity,294,2018-11-07,6,11,0.2727,"{""43935904"": 0.1818, ""574411559"": 0.0909, ""647627050"": 0.1818, ""660662251"": 0.0909, ""458093781"": 0.0909, ""362416639"": 0.3636}"
cubeintofficial,Cube Intelligence [Official],295,2018-11-07,1,1,1.0,"{""492642996"": 1.0}"
FuzeX,FuzeX,297,2018-11-07,2,3,0.0,"{""775737808"": 0.3333, ""425997359"": 0.6667}"
officialstormtoken,STORM Token,298,2018-11-07,2,2,0.5,"{""355064080"": 0.5, ""370948262"": 0.5}"
dragontalk,Dragonchain Discussion,299,2018-11-07,4,5,0.0,"{""546364721"": 0.2, ""459957845"": 0.2, ""573359109"": 0.2, ""389474975"": 0.4}"
DeepOnionCoin,DeepOnion ENG Official,300,2018-11-07,2,2,0.0,"{""291930987"": 0.5, ""522314860"": 0.5}"
binanceexchange,Binance English,302,2018-11-07,65,205,0.1415,"{""566099331"": 0.0244, ""548920835"": 0.0146, ""412267275"": 0.0049, ""572367500"": 0.0049, ""599647374"": 0.0049, ""546416782"": 0.0098, ""519647760"": 0.0146, ""461810832"": 0.0049, ""682735761"": 0.0098, ""156285712"": 0.0098, ""777114904"": 0.0098, ""739161122"": 0.0293, ""754395940"": 0.0098, ""355285798"": 0.0049, ""535920807"": 0.039, ""570784040"": 0.0146, ""466240038"": 0.0049, ""656399786"": 0.0049, ""629042344"": 0.0049, ""503283757"": 0.0049, ""590405045"": 0.039, ""518540085"": 0.0049, ""682945079"": 0.0049, ""660461496"": 0.0049, ""485250745"": 0.0098, ""512996408"": 0.0195, ""3682107"": 0.0098, ""642193980"": 0.0195, ""447898045"": 0.0049, ""506780605"": 0.0098, ""475641279"": 0.0098, ""610902464"": 0.0098, ""537626304"": 0.0049, ""467210298"": 0.0049, ""581232069"": 0.0098, ""772787400"": 0.0049, ""486879050"": 0.0244, ""424858956"": 0.0098, ""266762316"": 0.0049, ""499488716"": 0.0098, ""603374928"": 0.0098, ""176365905"": 0.0049, ""627845970"": 0.0049, ""338249170"": 0.0049, ""482416981"": 0.0049, ""461205206"": 0.0049, ""491006807"": 0.0098, ""495387224"": 0.0244, ""537045209"": 0.0049, ""613982553"": 0.0927, ""545105883"": 0.0049, ""438871775"": 0.0049, ""653165408"": 0.0049, ""400753764"": 0.0049, ""747046244"": 0.0049, ""665091942"": 0.0244, ""626701030"": 0.0244, ""445732456"": 0.0049, ""136185956"": 0.0098, ""387537131"": 0.0585, ""186232429"": 0.0439, ""701180013"": 0.0098, ""376343920"": 0.0049, ""678097908"": 0.1659, ""486570494"": 0.0146}"
hydroprotocol,Official Hydro HOT Community,306,2018-11-07,1,1,0.0,"{""774344109"": 1.0}"
thecoinfarm,The Coin Farm,307,2018-11-07,5,9,0.1111,"{""494311456"": 0.1111, ""652327435"": 0.1111, ""89929262"": 0.1111, ""496104690"": 0.5556, ""757581590"": 0.1111}"
colossuscoin,ColossusXT [COLX] | EN | Official,309,2018-11-07,2,2,0.5,"{""450259291"": 0.5, ""430821527"": 0.5}"
kincurrency,Kin Coin,310,2018-11-07,5,64,0.2344,"{""658128387"": 0.2812, ""439893065"": 0.4688, ""61402602"": 0.1719, ""774344109"": 0.0156, ""611722174"": 0.0625}"
,No BS Crypto,312,2018-11-07,10,22,0.1364,"{""458927841"": 0.2273, ""542792898"": 0.0909, ""578969989"": 0.0455, ""531192582"": 0.0455, ""663583790"": 0.2273, ""176365905"": 0.1364, ""327906262"": 0.0909, ""357683546"": 0.0455, ""602012732"": 0.0455, ""799264125"": 0.0455}"
Strape,Strape,313,2018-11-07,14,42,0.0952,"{""556442497"": 0.0952, ""357509027"": 0.0238, ""405638406"": 0.3095, ""608356456"": 0.0238, ""500175454"": 0.0238, ""315973674"": 0.0238, ""680224490"": 0.0238, ""337588237"": 0.0952, ""421465812"": 0.0238, ""470036918"": 0.0714, ""423793503"": 0.0714, ""585069213"": 0.0476, ""392530462"": 0.1429, ""370699679"": 0.0238}"
whalepoolbtc,Whalepool,314,2018-11-07,20,59,0.1695,"{""685832070"": 0.0169, ""127788170"": 0.0169, ""428326162"": 0.0847, ""428870039"": 0.0169, ""557173280"": 0.1695, ""299073573"": 0.0169, ""167249189"": 0.0169, ""216901420"": 0.0169, ""2987442"": 0.0169, ""290079029"": 0.1525, ""172018489"": 0.0339, ""548243902"": 0.0169, ""116465095"": 0.0169, ""458955468"": 0.0169, ""453243483"": 0.0508, ""539283685"": 0.0169, ""568400997"": 0.0169, ""445732456"": 0.1356, ""185230058"": 0.1186, ""505246071"": 0.0508}"
presearch,Presearch Community,316,2018-11-07,7,14,0.2857,"{""556272739"": 0.1429, ""209394692"": 0.1429, ""76376165"": 0.0714, ""774344109"": 0.0714, ""391835637"": 0.2857, ""483227515"": 0.1429, ""445004191"": 0.1429}"
oystertrading,Oyster Trading,317,2018-11-07,2,3,0.3333,"{""491523946"": 0.6667, ""77507259"": 0.3333}"
MainframeCommunity,Mainframe Community (1/2),318,2018-11-07,1,1,0.0,"{""401189856"": 1.0}"
GBXCommunity,GBX Community,319,2018-11-07,5,14,0.3571,"{""309287400"": 0.2143, ""774344109"": 0.0714, ""406965133"": 0.0714, ""377222453"": 0.0714, ""426690297"": 0.5714}"
district0x,district0x,321,2018-11-07,1,1,0.0,"{""774344109"": 1.0}"
ipbcenglish,BITTUBE | Official,322,2018-11-07,5,10,0.2,"{""618196035"": 0.3, ""543361450"": 0.1, ""523931690"": 0.3, ""439309709"": 0.2, ""521285521"": 0.1}"
emc2_official,EMC2 official,323,2018-11-07,2,2,0.5,"{""65879846"": 0.5, ""404444383"": 0.5}"
biboxglobal,Bibox Discussion,324,2018-11-07,2,18,0.2778,"{""511352595"": 0.4444, ""428141991"": 0.5556}"
SmartMesh,SmartMesh Official,325,2018-11-07,2,2,0.0,"{""579866987"": 0.5, ""774344109"": 0.5}"
mothershipcx,Mothership,329,2018-11-07,3,4,0.0,"{""720167050"": 0.5, ""447442204"": 0.25, ""774344109"": 0.25}"
stktoken,STK token,331,2018-11-07,5,7,0.0,"{""774344109"": 0.1429, ""449961615"": 0.1429, ""485216306"": 0.2857, ""510101939"": 0.2857, ""481758963"": 0.1429}"
cashbetcoin,CashBet Coin,333,2018-11-07,3,3,0.0,"{""617403280"": 0.3333, ""774344109"": 0.3333, ""536565798"": 0.3333}"
DigiByteCoin,DigiByte Official Discussion ‚úÖ,334,2018-11-07,11,43,0.093,"{""625132457"": 0.0233, ""534052426"": 0.0233, ""518693354"": 0.186, ""516843533"": 0.1628, ""198108814"": 0.093, ""573344565"": 0.0233, ""261244309"": 0.1395, ""432735991"": 0.0698, ""513653685"": 0.0698, ""469334078"": 0.186, ""796300095"": 0.0233}"
sonm_eng,SONM,335,2018-11-07,3,6,0.1667,"{""774344109"": 0.1667, ""39715102"": 0.3333, ""524344815"": 0.5}"
WeAreInternxt,Internxt,336,2018-11-07,3,3,0.0,"{""489391578"": 0.3333, ""774344109"": 0.3333, ""435024639"": 0.3333}"
musicoinofficial,Musicoin,337,2018-11-07,2,2,0.0,"{""476874321"": 0.5, ""305206626"": 0.5}"
IHTcoin,IHT Coin Public Group,338,2018-11-07,3,4,0.5,"{""44148964"": 0.5, ""774344109"": 0.25, ""266795327"": 0.25}"
LokiCommunity,Loki Community,339,2018-11-07,3,10,0.1,"{""566155496"": 0.5, ""453056090"": 0.2, ""540656421"": 0.3}"
bf_token,BnkToTheFuture Community,340,2018-11-07,2,2,0.5,"{""457372754"": 0.5, ""489844692"": 0.5}"
Peerplays,Peerplays,4439,2018-11-07,2,2,0.0,"{""342572362"": 0.5, ""126585716"": 0.5}"
breadchat,BRD Community Channel,343,2018-11-07,1,1,0.0,"{""62976143"": 1.0}"
b2bx_eng,B2BX_ENG,349,2018-11-07,2,4,0.0,"{""496104690"": 0.75, ""774344109"": 0.25}"
gameico,Game.com,350,2018-11-07,5,18,0.0556,"{""511769232"": 0.7222, ""176365905"": 0.0556, ""153024595"": 0.0556, ""474010107"": 0.1111, ""520221660"": 0.0556}"
INTChainOfficial,INTChain Official,351,2018-11-07,2,2,0.0,"{""527179237"": 0.5, ""774344109"": 0.5}"
renproject,Ren,357,2018-11-07,1,1,0.0,"{""774344109"": 1.0}"
latoken,LATOKEN,358,2018-11-07,3,3,0.3333,"{""165669107"": 0.3333, ""635136221"": 0.3333, ""455366286"": 0.3333}"
wiccofficial,Waykichain/WICC Official,359,2018-11-07,1,2,0.0,"{""677879542"": 1.0}"
token_club,TokenClub,365,2018-11-07,1,1,0.0,"{""774344109"": 1.0}"
bitcoinatom,Bitcoin Atom,375,2018-11-07,2,2,0.0,"{""530397275"": 0.5, ""221319092"": 0.5}"
openanxteam,OAX,391,2018-11-07,16,64,0.0,"{""644618432"": 0.0469, ""621992193"": 0.0781, ""644452900"": 0.0469, ""699080968"": 0.0469, ""659919145"": 0.0469, ""626167818"": 0.0312, ""658225612"": 0.125, ""650596332"": 0.0156, ""548822486"": 0.0938, ""624555446"": 0.0312, ""604084888"": 0.0625, ""624841942"": 0.0625, ""655860922"": 0.0625, ""592617691"": 0.1406, ""624286460"": 0.0469, ""626714013"": 0.0625}"
aeronaero,Aeron,394,2018-11-07,2,2,0.5,"{""774344109"": 0.5, ""719541990"": 0.5}"
FortunaGlobal,Fortuna | FOTA,395,2018-11-07,6,7,0.1429,"{""494692743"": 0.2857, ""432221256"": 0.1429, ""525361673"": 0.1429, ""604193706"": 0.1429, ""723028333"": 0.1429, ""507187159"": 0.1429}"
bancor,Bancor Protocol,396,2018-11-07,16,97,0.2371,"{""503641120"": 0.0619, ""480931168"": 0.0928, ""320321059"": 0.0206, ""512703843"": 0.0103, ""504455142"": 0.0103, ""672685886"": 0.1134, ""511769232"": 0.1237, ""33335454"": 0.0309, ""145647059"": 0.1856, ""554271537"": 0.0103, ""426766454"": 0.1031, ""617259191"": 0.0206, ""797562105"": 0.0206, ""546116058"": 0.1649, ""448016315"": 0.0103, ""521857502"": 0.0206}"
tefood,TE-FOOD,397,2018-11-07,2,2,0.0,"{""337913149"": 0.5, ""774344109"": 0.5}"
datumnetwork,Official Datum Network (EN),398,2018-11-07,2,2,0.0,"{""478925425"": 0.5, ""774344109"": 0.5}"
blockchainDATA,Official DATA Group 1 (DTA),399,2018-11-07,2,3,0.0,"{""419720587"": 0.3333, ""384713421"": 0.6667}"
ExpandOrg,Expand,402,2018-11-07,2,2,0.5,"{""459311684"": 0.5, ""774344109"": 0.5}"
projshivom,Shivom,403,2018-11-07,2,2,0.0,"{""744774668"": 0.5, ""774344109"": 0.5}"
RCNchat,RCN Chat Group (Official),407,2018-11-07,3,4,0.25,"{""566763298"": 0.5, ""376625099"": 0.25, ""774344109"": 0.25}"
insolar,Insolar,408,2018-11-07,11,15,0.2,"{""345058016"": 0.0667, ""590973411"": 0.0667, ""244261256"": 0.0667, ""380898472"": 0.0667, ""720167050"": 0.0667, ""603374928"": 0.1333, ""460468944"": 0.1333, ""339498130"": 0.1333, ""466204755"": 0.0667, ""485090482"": 0.0667, ""442735550"": 0.1333}"
ProChainTech,ProChain Global Official,409,2018-11-07,1,1,0.0,"{""774344109"": 1.0}"
bitgreenofficial,BitGreen,411,2018-11-07,1,1,1.0,"{""526896626"": 1.0}"
suncontract,SunContract,412,2018-11-07,2,2,0.0,"{""495653149"": 0.5, ""774344109"": 0.5}"
SALTLendingDiscussion,SALT Lending Discussion,415,2018-11-07,1,1,0.0,"{""352445997"": 1.0}"
OriginSport_EN,Origin Sport Official,416,2018-11-07,1,1,0.0,"{""661274868"": 1.0}"
MetalPayCommunity,MTL | Metal - Metal Pay,418,2018-11-07,6,6,0.1667,"{""326314914"": 0.1667, ""366438955"": 0.1667, ""384746995"": 0.1667, ""508471034"": 0.1667, ""434023133"": 0.1667, ""702557375"": 0.1667}"
CortexBlockchain,CortexLabs1Ô∏è‚É£,419,2018-11-07,1,1,0.0,"{""680879573"": 1.0}"
bitmonero,Monero Enthusiasts,420,2018-11-07,4,9,0.3333,"{""347265128"": 0.1111, ""625132457"": 0.4444, ""396334314"": 0.1111, ""1433157"": 0.3333}"
navcoin,NavCoin,421,2018-11-07,1,1,0.0,"{""723028333"": 1.0}"
getprotocol,GET Protocol,422,2018-11-07,2,3,0.0,"{""292756666"": 0.6667, ""774344109"": 0.3333}"
RuffChain,RuffChain,423,2018-11-07,2,2,0.0,"{""661274868"": 0.5, ""774344109"": 0.5}"
GenaroNetworkOfficial,Genaro Network (GNX) | Global Community,424,2018-11-07,1,1,0.0,"{""774344109"": 1.0}"
RMC_ICO,RMC CLUB,425,2018-11-07,1,1,0.0,"{""201197114"": 1.0}"
wingschat,WINGS Chat,456,2018-11-07,7,23,0.1739,"{""368632516"": 0.0435, ""192746822"": 0.3043, ""55329549"": 0.1304, ""687562033"": 0.087, ""502959667"": 0.2174, ""457438264"": 0.1304, ""394102203"": 0.087}"
Robin8_PUT,Robin8 PUT - Giving Control of the Profile Back to the User,478,2018-11-07,1,3,1.0,"{""470855995"": 1.0}"
selfkeyfoundation,SelfKey Identity Network,479,2018-11-07,4,7,0.2857,"{""280792393"": 0.4286, ""437612250"": 0.2857, ""105507987"": 0.1429, ""774344109"": 0.1429}"
DNNMedia,Decentralized News Network (DNN),488,2018-11-07,2,2,0.0,"{""744774668"": 0.5, ""772878839"": 0.5}"
tezosico,Tezos Project | Trading Discussion,4591,2018-11-07,1,1,0.0,"{""538540382"": 1.0}"
revainofficial,Revain Official Chat (EN),496,2018-11-07,2,5,0.0,"{""400753764"": 0.2, ""777741141"": 0.8}"
neufund,Neufund,497,2018-11-07,1,1,0.0,"{""547627738"": 1.0}"
Officialppi,Official PiedPiperCoin Chat,517,2018-11-07,1,1,0.0,"{""62797032"": 1.0}"
DomRaider_Chat,DomRaider,540,2018-11-07,1,1,0.0,"{""774344109"": 1.0}"
EcholinkOfficial,EkoLink „ÄêEKO„Äë Official (Eng),557,2018-11-07,3,5,0.2,"{""644079434"": 0.4, ""774344109"": 0.2, ""504302238"": 0.4}"
adhivetv,Adhive.tv,113,2018-11-07,2,2,0.0,"{""457041957"": 0.5, ""774344109"": 0.5}"
ChangeBank,Change,585,2018-11-07,2,2,0.5,"{""335556243"": 0.5, ""354393598"": 0.5}"
bitcoininterest,Bitcoin Interest,129,2018-11-07,1,1,0.0,"{""661274868"": 1.0}"
bankex,BANKEX.com,130,2018-11-07,1,1,0.0,"{""774344109"": 1.0}"
CyberVeinCommunity,CyberVein Community,656,2018-11-07,2,2,0.0,"{""635136221"": 0.5, ""702557375"": 0.5}"
polymathnetwork,Polymath Network,4215,2018-11-07,10,21,0.2381,"{""496308871"": 0.0476, ""722934311"": 0.0476, ""625132457"": 0.0476, ""537815370"": 0.3333, ""589390347"": 0.0952, ""466935373"": 0.0476, ""272758832"": 0.0476, ""630694544"": 0.0476, ""428758461"": 0.0476, ""298075742"": 0.2381}"
BytomInternational,Bytom official international,4217,2018-11-07,1,1,0.0,"{""625132457"": 1.0}"
GXChain_international,GXChain International English Channel,4218,2018-11-07,1,1,0.0,"{""572116976"": 1.0}"
,Stakenet (XSN) English,909,2018-11-07,1,1,0.0,"{""496308871"": 1.0}"
BitcoinChat,Bitcoin Chat,4273,2018-11-07,2,4,0.0,"{""173516336"": 0.5, ""715189013"": 0.5}"
AidocMeEn,AIDOC Official Group for EN,1200,2018-11-07,2,2,0.0,"{""538621549"": 0.5, ""774344109"": 0.5}"
